model,r2_test,rmse_test,cv_r2_mean,cv_r2_std
RandomForest,0.9998426858402492,0.4924393401566092,0.9986873094409491,0.0005147810701464681
GradientBoosting,0.9996688469429634,0.7144687162623582,0.9997552395531037,0.0001899576286288774
MLP,0.9975299208013295,1.9513010237575574,0.9958457053299072,0.0008465607074749426
AdaBoost,0.9792934685751268,5.649662583991978,0.9907901751829897,0.0006650843386885283
LinearRegression,0.8451315321121429,15.4507773467575,0.8692123951005766,0.006742321380924601
Ridge,0.8450977901676076,15.45246042300209,0.869213841719561,0.00672659556010274
Lasso,0.845092338725433,15.45273232826868,0.8692281099849678,0.006735002102331887
SVR_rbf,0.7767484622306923,18.55094606402448,0.7787478160005502,0.012465647312140315
KNeighbors,0.7000604090795917,21.50234029157943,0.7491202471875846,0.008179024512093947
